ACCESSION NO,AUTHOR,TITLE,Subtitle,YEAR,PAGE,PUBLISHER,SOURCE,BILL NO ,DATE,PRICE,,ISBN,Edition,Subject,Accompanying Material,Pages,Publisher,Year,
JR0001,,Looking Around Book 2: Text Book for EVS; Class 4,,2022,216,NCERT,"Hema Book World, banglore",GWG/17951,03-01-2024,65,,81-74506-64-0,,Enviornmental Studies,,216,"NCERT, NEW DELHI",2022,
JR0002,,Looking Around Book 2: Text Book for EVS; Class 4,,2022,216,NCERT,"Hema Book World, banglore",GWG/17952,03-01-2024,65,,81-74506-64-0,,Enviornmental Studies,,216,"NCERT, NEW DELHI",2022,
JR0003,,Looking Around Book 2: Text Book for EVS; Class 4,,2022,216,NCERT,"Hema Book World, banglore",GWG/17953,03-01-2024,65,,81-74506-64-0,,Enviornmental Studies,,216,"NCERT, NEW DELHI",2022,
JR0004,,Looking Around Book 2: Text Book for EVS; Class 4,,2022,216,NCERT,"Hema Book World, banglore",GWG/17954,03-01-2024,65,,81-74506-64-0,,Enviornmental Studies,,216,"NCERT, NEW DELHI",2022,
JR0005,,Marigold Book 4: Textbook for English; Class 4,,2022,168,NCERT,"Hema Book World, banglore",GWG/17955,03-01-2024,65,,81-74506-77-2,,English,,168,"NCERT, NEW DELHI",2022,
JR0006,,Marigold Book 4: Textbook for English; Class 4,,2022,168,NCERT,"Hema Book World, banglore",GWG/17956,03-01-2024,65,,81-74506-77-2,,English,,168,"NCERT, NEW DELHI",2022,
JR0007,,Marigold Book 4: Textbook for English; Class 4,,2022,168,NCERT,"Hema Book World, banglore",GWG/17957,03-01-2024,65,,81-74506-77-2,,English,,168,"NCERT, NEW DELHI",2022,
JR0008,,Marigold Book 4: Textbook for English; Class 4,,2022,168,NCERT,"Hema Book World, banglore",GWG/17958,03-01-2024,65,,81-74506-77-2,,English,,168,"NCERT, NEW DELHI",2022,
JR0009,,"Math Magic Book 4: Textbook for Mathematics, Class 4",,2022,170,NCERT,"Hema Book World, banglore",GWG/17959,03-01-2024,65,,87-4506-98-5,,Mathematics,,170,"NCERT, NEW DELHI",2022,
JR0010,,"Math Magic Book 4: Textbook for Mathematics, Class 4",,2022,170,NCERT,"Hema Book World, banglore",GWG/17960,03-01-2024,65,,87-4506-98-5,,Mathematics,,170,"NCERT, NEW DELHI",2022,
JR0011,,"Math Magic Book 4: Textbook for Mathematics, Class 4",,2022,170,NCERT,"Hema Book World, banglore",GWG/17961,03-01-2024,65,,87-4506-98-5,,Mathematics,,170,"NCERT, NEW DELHI",2022,
JR0012,,"Math Magic Book 4: Textbook for Mathematics, Class 4",,2022,170,NCERT,"Hema Book World, banglore",GWG/17962,03-01-2024,65,,87-4506-98-5,,Mathematics,,170,"NCERT, NEW DELHI",2022,
JR0013,,Looking Around: Text Book for EVS; Class 5,,2022,204,NCERT,"Hema Book World, banglore",GWG/17963,03-01-2024,65,,978-81-74508-26-3,,Enviornmental Studies,,204,"NCERT, NEW DELHI",2022,
JR0014,,Looking Around: Text Book for EVS; Class 5,,2022,204,NCERT,"Hema Book World, banglore",GWG/17964,03-01-2024,65,,978-81-74508-26-3,,Enviornmental Studies,,204,"NCERT, NEW DELHI",2022,
JR0015,,Looking Around: Text Book for EVS; Class 5,,2022,204,NCERT,"Hema Book World, banglore",GWG/17965,03-01-2024,65,,978-81-74508-26-3,,Enviornmental Studies,,204,"NCERT, NEW DELHI",2022,
JR0016,,Looking Around: Text Book for EVS; Class 5,,2022,204,NCERT,"Hema Book World, banglore",GWG/17966,03-01-2024,65,,978-81-74508-26-3,,Enviornmental Studies,,204,"NCERT, NEW DELHI",2022,
JR0017,,"Math Magic Book 5: Textbook for Mathematics, Class 4",,2022,204,NCERT,"Hema Book World, banglore",GWG/17967,03-01-2024,65,,978-81-74508-28-7,,Mathematics,,204,"NCERT, NEW DELHI",2022,
JR0018,,"Math Magic Book 5: Textbook for Mathematics, Class 4",,2022,204,NCERT,"Hema Book World, banglore",GWG/17968,03-01-2024,65,,978-81-74508-28-7,,Mathematics,,204,"NCERT, NEW DELHI",2022,
JR0019,,"Math Magic Book 5: Textbook for Mathematics, Class 4",,2022,204,NCERT,"Hema Book World, banglore",GWG/17969,03-01-2024,65,,978-81-74508-28-7,,Mathematics,,204,"NCERT, NEW DELHI",2022,
JR0020,,"Math Magic Book 5: Textbook for Mathematics, Class 4",,2022,204,NCERT,"Hema Book World, banglore",GWG/17970,03-01-2024,65,,978-81-74508-28-7,,Mathematics,,204,"NCERT, NEW DELHI",2022,
JR0021,,Rimjhim-5: Textbook in Hindi for Class 5,,2019,152p.,NCERT,"Hema Book World, banglore",GWG/17971,03-01-2024,65,,978-81-74508-11-9,,Hindi,,152,"NCERT, NEW DELHI",2019,
JR0022,,Rimjhim-5: Textbook in Hindi for Class 5,,2019,152p.,NCERT,"Hema Book World, banglore",GWG/17972,03-01-2024,65,,978-81-74508-11-9,,Hindi,,152,"NCERT, NEW DELHI",2019,
JR0023,,Rimjhim-5: Textbook in Hindi for Class 5,,2019,152p.,NCERT,"Hema Book World, banglore",GWG/17973,03-01-2024,65,,978-81-74508-11-9,,Hindi,,152,"NCERT, NEW DELHI",2019,
JR0024,,Rimjhim-5: Textbook in Hindi for Class 5,,2019,152p.,NCERT,"Hema Book World, banglore",GWG/17974,03-01-2024,65,,978-81-74508-11-9,,Hindi,,152,"NCERT, NEW DELHI",2019,
JR0025,,Sarangi-1: Textbook in Hindi for class 1,,2023,114p.,NCERT,"Hema Book World, banglore",GWG/17975,03-01-2024,65,,978-93-52924-23-3,,Hindi,,114,"NCERT, NEW DELHI",2023,
JR0026,,Sarangi-1: Textbook in Hindi for class 1,,2023,114p.,NCERT,"Hema Book World, banglore",GWG/17976,03-01-2024,65,,978-93-52924-23-3,,Hindi,,114,"NCERT, NEW DELHI",2023,
JR0027,,Sarangi-1: Textbook in Hindi for class 1,,2023,114p.,NCERT,"Hema Book World, banglore",GWG/17977,03-01-2024,65,,978-93-52924-23-3,,Hindi,,114,"NCERT, NEW DELHI",2023,
JR0028,,Sarangi-1: Textbook in Hindi for class 1,,2023,114p.,NCERT,"Hema Book World, banglore",GWG/17978,03-01-2024,65,,978-93-52924-23-3,,Hindi,,114,"NCERT, NEW DELHI",2023,
JR0029,,Mridang-1: Textbook in English for Class 1,,2023,122p.,NCERT,"Hema Book World, banglore",GWG/17979,03-01-2024,65,,978-93-52924-39-4,,English,,122,"NCERT, NEW DELHI",2023,
JR0030,,Mridang-1: Textbook in English for Class 1,,2023,122p.,NCERT,"Hema Book World, banglore",GWG/17980,03-01-2024,65,,978-93-52924-39-4,,English,,122,"NCERT, NEW DELHI",2023,
JR0031,,Mridang-1: Textbook in English for Class 1,,2023,122p.,NCERT,"Hema Book World, banglore",GWG/17981,03-01-2024,65,,978-93-52924-39-4,,English,,122,"NCERT, NEW DELHI",2023,
JR0032,,Mridang-1: Textbook in English for Class 1,,2023,122p.,NCERT,"Hema Book World, banglore",GWG/17982,03-01-2024,65,,978-93-52924-39-4,,English,,122,"NCERT, NEW DELHI",2023,
JR0033,,Joyful Mathematics-1: Textbook in Mathematics Class 1,,2023,130p.,NCERT,"Hema Book World, banglore",GWG/17983,03-01-2024,65,,978-93-52925-05-6,,Mathematics,,130,"NCERT, NEW DELHI",2023,
JR0034,,Joyful Mathematics-1: Textbook in Mathematics Class 1,,2023,130p.,NCERT,"Hema Book World, banglore",GWG/17984,03-01-2024,65,,978-93-52925-05-6,,Mathematics,,130,"NCERT, NEW DELHI",2023,
JR0035,,Joyful Mathematics-1: Textbook in Mathematics Class 1,,2023,130p.,NCERT,"Hema Book World, banglore",GWG/17985,03-01-2024,65,,978-93-52925-05-6,,Mathematics,,130,"NCERT, NEW DELHI",2023,
JR0036,,Joyful Mathematics-1: Textbook in Mathematics Class 1,,2023,130p.,NCERT,"Hema Book World, banglore",GWG/17986,03-01-2024,65,,978-93-52925-05-6,,Mathematics,,130,"NCERT, NEW DELHI",2023,
JR0037,,Joyful Mathematics-2: Textbook In Mathematics for Class 2,,2023,138p.,NCERT,"Hema Book World, banglore",GWG/17987,03-01-2024,65,,978-93-52924-26-4,,Mathematics,,138,"NCERT, NEW DELHI",2023,
JR0038,,Joyful Mathematics-2: Textbook In Mathematics for Class 2,,2023,138p.,NCERT,"Hema Book World, banglore",GWG/17988,03-01-2024,65,,978-93-52924-26-4,,Mathematics,,138,"NCERT, NEW DELHI",2023,
JR0039,,Joyful Mathematics-2: Textbook In Mathematics for Class 2,,2023,138p.,NCERT,"Hema Book World, banglore",GWG/17989,03-01-2024,65,,978-93-52924-26-4,,Mathematics,,138,"NCERT, NEW DELHI",2023,
JR0040,,Joyful Mathematics-2: Textbook In Mathematics for Class 2,,2023,138p.,NCERT,"Hema Book World, banglore",GWG/17990,03-01-2024,65,,978-93-52924-26-4,,Mathematics,,138,"NCERT, NEW DELHI",2023,
JR0041,,Sarangi-2: Textbook in Hindi for Class 2,,2023,132p.,NCERT,"Hema Book World, banglore",GWG/17991,03-01-2024,65,,978-93-52924-38-7,,Hindi,,132,"NCERT, NEW DELHI",2023,
JR0042,,Sarangi-2: Textbook in Hindi for Class 2,,2023,132p.,NCERT,"Hema Book World, banglore",GWG/17992,03-01-2024,65,,978-93-52924-38-7,,Hindi,,132,"NCERT, NEW DELHI",2023,
JR0043,,Sarangi-2: Textbook in Hindi for Class 2,,2023,132p.,NCERT,"Hema Book World, banglore",GWG/17993,03-01-2024,65,,978-93-52924-38-7,,Hindi,,132,"NCERT, NEW DELHI",2023,
JR0044,,Sarangi-2: Textbook in Hindi for Class 2,,2023,132p.,NCERT,"Hema Book World, banglore",GWG/17994,03-01-2024,65,,978-93-52924-38-7,,Hindi,,132,"NCERT, NEW DELHI",2023,
JR0045,,Mridang-2: Textbook In English for Class 2,,2023,110p.,NCERT,"Hema Book World, banglore",GWG/17995,03-01-2024,65,,978-93-52924-34-9,,English,,110,"NCERT, NEW DELHI",2023,
JR0046,,Mridang-2: Textbook In English for Class 2,,2023,110p.,NCERT,"Hema Book World, banglore",GWG/17996,03-01-2024,65,,978-93-52924-34-9,,English,,110,"NCERT, NEW DELHI",2023,
JR0047,,Mridang-2: Textbook In English for Class 2,,2023,110p.,NCERT,"Hema Book World, banglore",GWG/17997,03-01-2024,65,,978-93-52924-34-9,,English,,110,"NCERT, NEW DELHI",2023,
JR0048,,Mridang-2: Textbook In English for Class 2,,2023,110p.,NCERT,"Hema Book World, banglore",GWG/17998,03-01-2024,65,,978-93-52924-34-9,,English,,110,"NCERT, NEW DELHI",2023,
JR0049,,Math Magic Book 3: Textbook in Mathematics for Class 3,,2022,200p.,NCERT,"Hema Book World, banglore",GWG/17999,03-01-2024,65,,81-74505-10-5,,Mathematics,,200,"NCERT, NEW DELHI",2022,
JR0050,,Math Magic Book 3: Textbook in Mathematics for Class 3,,2022,200p.,NCERT,"Hema Book World, banglore",GWG/18000,03-01-2024,65,,81-74505-10-5,,Mathematics,,200,"NCERT, NEW DELHI",2022,
JR0051,,Math Magic Book 3: Textbook in Mathematics for Class 3,,2022,200p.,NCERT,"Hema Book World, banglore",GWG/18001,03-01-2024,65,,81-74505-10-5,,Mathematics,,200,"NCERT, NEW DELHI",2022,
JR0052,,Math Magic Book 3: Textbook in Mathematics for Class 3,,2022,200p.,NCERT,"Hema Book World, banglore",GWG/18002,03-01-2024,65,,81-74505-10-5,,Mathematics,,200,"NCERT, NEW DELHI",2022,
JR0053,,Rimjhim-3: Textbook in Hindi for Class 3,,2022,126p.,NCERT,"Hema Book World, banglore",GWG/18003,03-01-2024,65,,81-74504-74-5,,Hindi,,126,"NCERT, NEW DELHI",2022,
JR0054,,Rimjhim-3: Textbook in Hindi for Class 3,,2022,126p.,NCERT,"Hema Book World, banglore",GWG/18004,03-01-2024,65,,81-74504-74-5,,Hindi,,126,"NCERT, NEW DELHI",2022,
JR0055,,Rimjhim-3: Textbook in Hindi for Class 3,,2022,126p.,NCERT,"Hema Book World, banglore",GWG/18005,03-01-2024,65,,81-74504-74-5,,Hindi,,126,"NCERT, NEW DELHI",2022,
JR0056,,Rimjhim-3: Textbook in Hindi for Class 3,,2022,126p.,NCERT,"Hema Book World, banglore",GWG/18006,03-01-2024,65,,81-74504-74-5,,Hindi,,126,"NCERT, NEW DELHI",2022,
JR0057,,Looking Around-3: Textbook in EVS for Class 3,,2022,162p.,NCERT,"Hema Book World, banglore",GWG/18007,03-01-2024,65,,81-74504-90-7,,Enviornmental Studies,,162,"NCERT, NEW DELHI",2022,
JR0058,,Looking Around-3: Textbook in EVS for Class 3,,2022,162p.,NCERT,"Hema Book World, banglore",GWG/18008,03-01-2024,65,,81-74504-90-7,,Enviornmental Studies,,162,"NCERT, NEW DELHI",2022,
JR0059,,Looking Around-3: Textbook in EVS for Class 3,,2022,162p.,NCERT,"Hema Book World, banglore",GWG/18009,03-01-2024,65,,81-74504-90-7,,Enviornmental Studies,,162,"NCERT, NEW DELHI",2022,
JR0060,,Looking Around-3: Textbook in EVS for Class 3,,2022,162p.,Harper Collins,"Hema Book World, banglore",GWG/18010,03-01-2024,65,,81-74504-90-7,,Enviornmental Studies,,162,"NCERT, NEW DELHI",2022,
JR0061,"Deva, Prachi",Revised Collins English Grammar and Composition 5,,2022,152p.,Harper Collins,"Hema Book World, banglore",,,418,,978-93-90163-50-2,,English,,152,Harper Collins,2022,
JR0062,"Deva, Prachi",Revised Collins English Grammar and Composition 5,,2022,152p.,Harper Collins,"Hema Book World, banglore",,,418,,978-93-90163-50-2,,English,,152,Harper Collins,2022,
JR0063,"Deva, Prachi",Revised Collins English Grammar and Composition 5,,2022,152p.,Harper Collins,"Hema Book World, banglore",,,418,,978-93-90163-50-2,,English,,152,Harper Collins,2022,
JR0064,,Revised Collins English Grammar and Composition 5; Teacher's Resourcebook,,2021,176p.,Harper Collins,"Hema Book World, banglore",,,,,978-93-90191-67-3,,English,,176,Harper Collins,2021,
JR0065,"Deva, Prachi",Revised Collins English Grammar and Composition 4,,2022,136p.,Harper Collins,"Hema Book World, banglore",,,340,,978-93-90163-49-6,,English,,136,Harper Collins,2022,
JR0066,"Deva, Prachi",Revised Collins English Grammar and Composition 4,,2022,136p.,Harper Collins,"Hema Book World, banglore",,,340,,978-93-90163-49-6,,English,,136,Harper Collins,2022,
JR0067,"Deva, Prachi",Revised Collins English Grammar and Composition 4,,2022,136p.,Harper Collins,"Hema Book World, banglore",,,340,,978-93-90163-49-6,,English,,136,Harper Collins,2022,
JR0068,"Deva, Prachi",Revised Collins English Grammar and Composition 4,,2021,136p.,Harper Collins,"Hema Book World, banglore",,,257,,978-93-90163-49-6,,English,,136,Harper Collins,2021,
JR0069,,Revised Collins English Grammar and Composition 4; Teacher's Resourcebook,,2021,160p.,Harper Collins,"Hema Book World, banglore",,,,,978-93-90191-66-6,,English,,160,Harper Collins,2021,
JR0070,,Revised Collins English Grammar and Composition 4; Teacher's Resourcebook,,2021,160p.,Harper Collins,"Hema Book World, banglore",,,,,978-93-90191-66-6,,English,,160,Harper Collins,2021,
JR0071,"Deva, Prachi",Revised Collins English Grammar and Composition 3,,2022,120p. ,Harper Collins,"Hema Book World, banglore",,,314,,978-93-90163-48-9,,English,,120,Harper Collins,2022,
JR0072,"Deva, Prachi",Revised Collins English Grammar and Composition 3,,2021,120p. ,Harper Collins,"Hema Book World, banglore",,,236,,978-93-90163-48-9,,English,,120,Harper Collins,2021,
JR0073,"Deva, Prachi",Revised Collins English Grammar and Composition 3,,2022,120p. ,Harper Collins,"Hema Book World, banglore",,,314,,978-93-90163-48-9,,English,,120,Harper Collins,2022,
JR0074,"Deva, Prachi",Revised Collins English Grammar and Composition 3,,2021,120p. ,Harper Collins,"Hema Book World, banglore",,,314,,978-93-90163-48-9,,English,,120,Harper Collins,2021,
JR0075,,Revised Collins English Grammar and Composition 3; Teacher's Resourcebook,,2021,152p.,Harper Collins,"Hema Book World, banglore",,,,,978-93-90191-65-9,,English,,152,Harper Collins,2021,
JR0076,,Revised Collins English Grammar and Composition 3; Teacher's Resourcebook,,2021,152p.,Harper Collins,"Hema Book World, banglore",,,,,978-93-90191-65-9,,English,,152,Harper Collins,2021,
JR0077,"Deva, Prachi",Revised Collins English Grammar and Composition 2,,2022,104p.,Harper Collins,"Hema Book World, banglore",,,309,,978-93-90163-47-2,,English,,104,Harper Collins,2022,
JR0078,,Revised Collins English Grammar and Composition 2; Teacher's Resourcebook,,2021,128p.,Harper Collins,"Hema Book World, banglore",,,,,978-93-90191-64-2,,English,,128,Harper Collins,2021,
JR0079,"Nagarajan, Hemalatha",Revised Collins English Grammar and Composition 1,,2022,96p.,Harper Collins,"Hema Book World, banglore",,,277,,978-93-90163-46-5,,English,,96,Harper Collins,2022,
JR0080,"Nagarajan, Hemalatha",Revised Collins English Grammar and Composition 1,,2022,96p.,Harper Collins,"Hema Book World, banglore",,,277,,978-93-90163-46-5,,English,,96,Harper Collins,2022,
JR0081,,Revised Collins English Grammar and Composition 1; Teacher's Resourcebook,,2021,112p.,Harper Collins,"Hema Book World, banglore",,,,,978-93-90191-63-5,,English,,112,Harper Collins,2021,
JR0082,,Revised Collins English Grammar and Composition 1; Teacher's Resourcebook,,2021,112p.,Harper Collins,"Hema Book World, banglore",,,,,978-93-90191-63-5,,English,,112,Harper Collins,2021,
JR0083,"Mitra, Somali",Revised Engaging English 1,,2022,112p.,Harper Collins,"Hema Book World, banglore",,,414,,978-93-54890-17-8,,English,,112,Harper Collins,2022,
JR0084,"Mitra, Somali",Revised Engaging English 2,,2022,128p.,Harper Collins,"Hema Book World, banglore",,,446,,978-93-54890-18-5,,English,,128,Harper Collins,2022,
JR0085,"Bose, Ruby",Revised Engaging English 3,,2020,142p.,Harper Collins,"Hema Book World, banglore",,,407,,978-93-53024-34-5,,English,,142,Harper Collins,2020,
JR0086,"Bose, Ruby",Revised Engaging English 4,,2020,158p.,Harper Collins,"Hema Book World, banglore",,,417,,978-93-53024-35-2,,English,,158,Harper Collins,2020,
JR0087,"Bose, Ruby and Gupta, Anju
",Revised Engaging English 5,,2018,166p.,Harper Collins,"Hema Book World, banglore",,,424,,978-93-53024-36-9,,English,,166,Harper Collins,2018,
JR0088,"Ed. Sriraman, Padmini",Cascade 1: Textbook in EVS for Class 1,,2022,96p.,Harper Collins,"Hema Book World, banglore",,,305,,978-93-54890-58-1,,Enviornmental Studies,,96,Harper Collins,2022,
JR0089,"Ed. Sriraman, Padmini",Cascade 2: Textbook in EVS for Class 2,,2022,104p.,Harper Collins,"Hema Book World, banglore",,,325,,978-93-54890-59-8,,Enviornmental Studies,,104,Harper Collins,2022,
JR0090,"Ed. Sriraman, Padmini",Cascade 4: Textbook in Social Studies for Class 4,,2022,120p. ,Harper Collins,"Hema Book World, banglore",,,363,,978-93-54890-65-9,,Social Studies,,120,Harper Collins,2022,
JR0091,"Nagarajan, Hemalatha",Enhanced Collins English Grammar and Composition 1,,2024,96p.,Harper Collins,"Hema Book World, banglore",,,319,,978-93-54898-03-7,,English,,96,Harper Collins,2024,
JR0092,"Nagarajan, Hemalatha",Enhanced Collins English Grammar and Composition 1,,2024,96p.,Harper Collins,"Hema Book World, banglore",,,319,,978-93-54898-03-7,,English,,96,Harper Collins,2024,
JR0093,,Revised Collins English Grammar and Composition 1; Teacher's Resourcebook,,2021,112p.,Harper Collins,"Hema Book World, banglore",,,,,978-93-90191-63-5,,English,,112,Harper Collins,2021,
JR0094,,Enhanced Collins English Grammar and Composition 2,,2024,104p.,Harper Collins,"Hema Book World, banglore",,,356,,978-93-54898-04-4,,English,,104,Harper Collins,2024,
JR0095,,Enhanced Collins English Grammar and Composition 2,,2024,104p.,Harper Collins,"Hema Book World, banglore",,,356,,978-93-54898-04-4,,English,,104,Harper Collins,2024,
JR0096,,Enhanced Collins English Grammar and Composition 2; Teacher's Resourcebook ,,2021,128p.,Harper Collins,"Hema Book World, banglore",,,,,978-93-90191-64-2,,English,,128,Harper Collins,2021,
JR0097,,Enhanced Collins English Grammar and Composition 3,,2024,120p. ,Harper Collins,"Hema Book World, banglore",,,362,,978-93-54898-45-7,,English,,120,Harper Collins,2024,
JR0098,,Enhanced Collins English Grammar and Composition 3,,2024,120p. ,Harper Collins,"Hema Book World, banglore",,,362,,978-93-54898-45-7,,English,,120,Harper Collins,2024,
JR0099,,Revised Collins English Grammar and Composition 3; Teacher's Resourcebook,,2021,152p.,Harper Collins,"Hema Book World, banglore",,,,,978-93-90191-65-9,,English,,152,Harper Collins,2021,
JR0100,"Deva, Prachi",Enhanced Collins English Grammar and Composition 4,,2024,136p.,Harper Collins,"Hema Book World, banglore",,,392,,978-93-54898-05-1,,English,,136,Harper Collins,2024,
JR0101,,Enhanced Collins English Grammar and Composition 4,,2024,136p.,Harper Collins,,,,392,,978-93-54898-05-1,,English,,136,Harper Collins,2024,
JR0102,,Revised Collins English Grammar and Composition 4; Teacher's Resourcebook,,Revised;2021,160p.,Harper Collins,,,,,,978-93-90191-66-6,,English,,160,Harper Collins,2021,
JR0103,,Enhanced Collins English Grammar and Composition 5,,2024,152p.,Harper Collins,,,,482,,978-93-54898-10-5,,English,,152,Harper Collins,2024,
JR0104,,Enhanced Collins English Grammar and Composition 5,,2024,152p.,Harper Collins,,,,482,,978-93-54898-10-5,,English,,152,Harper Collins,2024,
JR0105,,Enhanced Collins English Grammar and Composition 5; Teachers Manual,,Revised;2021,176p.,Harper Collins,,,,,,978-93--90191-67-3,,English,,176,Harper Collins,2021,
JR0106,"Bose, Ruby",Revised Engaging English 3,,Revised;2022,144p.,Harper Collins,,,,542,,978-93-54890-20-8,,English,,144,Harper Collins,2022,
JR0107,"Bose, Ruby",Revised Engaging English 3,,Revised;2022,144p.,Harper Collins,,,,542,,978-93-54890-20-8,,English,,144,Harper Collins,2022,
JR0108,,Engaging English 3; Teachers Resource Book,,2016,196p.,Harper Collins,,,,,,978-93-51779-12-4,,English,,196,Harper Collins,2016,
JR0109,,Engaging English 3; Teachers Resource Book,,2016,196p.,Harper Collins,,,,,,978-93-51779-12-4,,English,,196,Harper Collins,2016,
JR0110,"Bose, Ruby",Revised Engaging English 4,,Revised;2022,152p.,Harper Collins,,,,554,,978-93-54890-22-2,,English,,152,Harper Collins,2022,
JR0111,"Bose, Ruby",Revised Engaging English 4,,Revised;2022,152p.,Harper Collins,,,,554,,978-93-54890-22-2,,English,,152,Harper Collins,2022,
JR0112,"Bose, Ruby and Gupta, Anju
",Revised Engaging English 5,,Revised;2022,160p.,Harper Collins,,,,565,,978-93-54890-23-9,,English,,160,Harper Collins,2022,
JR0113,"Bose, Ruby and Gupta, Anju
",Revised Engaging English 5,,Revised;2022,160p.,Harper Collins,,,,565,,978-93-54890-23-9,,English,,160,Harper Collins,2022,
JR0114,"Gupta, Satyasree",Senses 1: A Course in Enviornmental Science,,2024,112p.,Harper Collins,,,,385,,978-93-56994-84-3,,Enviornmental Studies,,112,Harper Collins,2024,
JR0115,"Gupta, Satyasree",Senses 1: A Course in Enviornmental Science,,2024,112p.,Harper Collins,,,,385,,978-93-56994-84-3,,Enviornmental Studies,,112,Harper Collins,2024,
JR0116,"Gupta, Satyasree",Senses 1; Teachers Manual,,2024,80p.,Harper Collins,,,,,,978-93-56992-97-9,,Enviornmental Studies,,80,Harper Collins,2024,
JR0117,"Gupta, Satyasree",Senses 1; Teachers Manual,,2024,80p.,Harper Collins,,,,,,978-93-56992-97-9,,Enviornmental Studies,,80,Harper Collins,2024,
JR0118,"Gupta, Satyasree",Senses 2: A Course in Enviornmental Science,,2024,120p.,Harper Collins,,,,425,,978-93-56995-01-7,,Enviornmental Studies,,120,Harper Collins,2024,
JR0119,"Gupta, Satyasree",Senses 2: A Course in Enviornmental Science,,2024,120p.,Harper Collins,,,,425,,978-93-56995-01-7,,Enviornmental Studies,,120,Harper Collins,2024,
JR0120,"Gupta, Satyasree",Senses 2; Teachers Manual,,2024,68p.,Harper Collins,,,,,,978-93-56992-73-3,,Enviornmental Studies,,68,Harper Collins,2024,
JR0121,"Gupta, Satyasree",Senses 2; Teachers Manual,,2024,68p.,Harper Collins,,,,,, 978-93-56992-73-3,,Enviornmental Studies,,68,Harper Collins,2024,
JR0122,"Koul, Abha",Senses 3: A Course in Enviornmental Science,,2024,170p.,Harper Collins,,,,,,978-93-56995-02-4,,Enviornmental Studies,,170,Harper Collins,2024,
JR0123,"Koul, Abha",Senses 3: A Course in Enviornmental Science,,2024,170p.,Harper Collins,,,,,,978-93-56995-02-4,,Enviornmental Studies,,170,Harper Collins,2024,
JR0124,"Koul, Abha",Senses 3; Teachers Manual,,2024,124p.,Harper Collins,,,,,,978-93-56992-64-1,,Enviornmental Studies,,124,Harper Collins,2024,
JR0125,"Koul, Abha",Senses 3; Teachers Manual,,2024,124p.,Harper Collins,,,,,,978-93-56992-64-1,,Enviornmental Studies,,124,Harper Collins,2024,
JR0126,"Koul, Abha",Senses 4: A Course in Enviornmental Science,,2024,,Harper Collins,,,,,,9789356995116,,Enviornmental Studies,,162,Harper Collins,2024,
JR0127,"Koul, Abha",Senses 4: A Course in Enviornmental Science,,2024,,Harper Collins,,,,,,9789356995116,,Enviornmental Studies,,162,Harper Collins,2024,
JR0128,"Koul, Abha",Senses 4; Teachers Manual,,2024,,Harper Collins,,,,,,9789356992474,,Enviornmental Studies,,120,Harper Collins,2024,
JR0129,"Koul, Abha",Senses 4; Teachers Manual,,2024,,Harper Collins,,,,,,9789356992474,,Enviornmental Studies,,120,Harper Collins,2024,
JR0130,,Cascade 5: A Course in Social Studies,,,,Harper Collins,,,,,,9789354890666,,Social Studies,,120,Harper Collins,2022,
JR0131,,Cascade 5: A Course in Social Studies,,,,Harper Collins,,,,,,9789354890666,,Social Studies,,120,Harper Collins,2022,
JR0132,,Cascade 5; Teachers Manual,,,,Harper Collins,,,,,,9789354890826,,Social Studies,,84,Harper Collins,2022,
JR0133,,Cascade 5; Teachers Manual,,,,Harper Collins,,,,,,9789354890826,,Social Studies,,84,Harper Collins,2022,
JR0134,,Collins Smart Tech 1,,,,Harper Collins,,,,,,9789390163083,,Computer Science,,72,Harper Collins,2022,
JR0135,,Collins Smart Tech 1,,,,Harper Collins,,,,,,9789390163083,,Computer Science,,72,Harper Collins,2022,
JR0136,,Collins Smart Tech 1,,,,Harper Collins,,,,,,9789390163083,,Computer Science,,72,Harper Collins,2022,
JR0137,,Collins Smart Tech 1; Teachers Manual,,,,Harper Collins,,,,,,9789390191222,,Computer Science,,40,Harper Collins,2021,
JR0138,,Collins Smart Tech 1; Teachers Manual,,,,Harper Collins,,,,,,9789390191222,,Computer Science,,40,Harper Collins,2021,
JR0139,,Collins Smart Tech 1; Teachers Manual,,,,Harper Collins,,,,,,9789390191222,,Computer Science,,40,Harper Collins,2021,
JR0140,,Collins Smart tech 2,,,,Harper Collins,,,,,,9789390163090,,Computer Science,,80,Harper Collins,2022,
JR0141,,Collins Smart tech 2,,,,Harper Collins,,,,,,9789390163090,,Computer Science,,80,Harper Collins,2022,
JR0142,,Collins Smart tech 2,,,,Harper Collins,,,,,,9789390163090,,Computer Science,,80,Harper Collins,2022,
JR0143,,Collins Smart Tech 2; Teachers Manual,,,,Harper Collins,,,,,,9789390191239,,Computer Science,,40,Harper Collins,2021,
JR0144,,Collins Smart Tech 2; Teachers Manual,,,,Harper Collins,,,,,,9789390191239,,Computer Science,,40,Harper Collins,2021,
JR0145,,Collins Smart Tech 2; Teachers Manual,,,,Harper Collins,,,,,,9789390191239,,Computer Science,,40,Harper Collins,2021,
JR0146,,Collins Smart Tech 3,,,,Harper Collins,,,,,,9789390163106,,Computer Science,,96,Harper Collins,2022,
JR0147,,Collins Smart Tech 3,,,,Harper Collins,,,,,,9789390163106,,Computer Science,,96,Harper Collins,2022,
JR0148,,Collins Smart Tech 3,,,,Harper Collins,,,,,,9789390163106,,Computer Science,,96,Harper Collins,2022,
JR0149,,Collins Smart Tech 3; Teachers Manual,,,,Harper Collins,,,,,,9789390191246,,Computer Science,,64,Harper Collins,2021,
JR0150,,Collins Smart Tech 3; Teachers Manual,,,,Harper Collins,,,,,,9789390191246,,Computer Science,,64,Harper Collins,2021,
JR0151,,Collins Smart Tech 3; Teachers Manual,,,,Harper Collins,,,,,,9789390191246,,Computer Science,,64,Harper Collins,2021,
JR0152,,Collins Smart Tech 4,,,,Harper Collins,,,,,,9789390163113,,Computer Science,,112,Harper Collins,2022,
JR0153,,Collins Smart Tech 4,,,,Harper Collins,,,,,,9789390163113,,Computer Science,,112,Harper Collins,2022,
JR0154,,Collins Smart Tech 4,,,,Harper Collins,,,,,,9789390163113,,Computer Science,,112,Harper Collins,2022,
JR0155,,Collins Smart Tech 4; Teachers Manual,,,,Harper Collins,,,,,,9789390191253,,Computer Science,,72,Harper Collins,2021,
JR0156,,Collins Smart Tech 4; Teachers Manual,,,,Harper Collins,,,,,,9789390191253,,Computer Science,,72,Harper Collins,2021,
JR0157,,Collins Smart Tech 4; Teachers Manual,,,,Harper Collins,,,,,,9789390191253,,Computer Science,,72,Harper Collins,2021,
JR0158,,Collins Smart Tech 5,,,,Harper Collins,,,,,,9789390163120,,Computer Science,,112,Harper Collins,2022,
JR0159,,Collins Smart Tech 5,,,,Harper Collins,,,,,,9789390163120,,Computer Science,,112,Harper Collins,2022,
JR0160,,Collins Smart Tech 5,,,,Harper Collins,,,,,,9789390163120,,Computer Science,,112,Harper Collins,2022,
JR0161,,Collins Smart Tech 5; Teachers Manual,,,,Harper Collins,,,,,,9789390191260,,Computer Science,,72,Harper Collins,2021,
JR0162,,Collins Smart Tech 5; Teachers Manual,,,,Harper Collins,,,,,,9789390191260,,Computer Science,,72,Harper Collins,2021,
JR0163,,Collins Smart Tech 5; Teachers Manual,,,,Harper Collins,,,,,,9789390191260,,Computer Science,,72,Harper Collins,2021,
JR0164,"Alamelu, K",Maths Ahead 1,,,,Orient Blackswan,,,,,,9789354425394,,Mathematics,,196,Orient Blackswan,2024,
JR0165,,Maths Ahead 1,,,,Orient Blackswan,,,,,,9789354425394,,Mathematics,,196,Orient Blackswan,2024,
JR0166,,Maths Ahead 1,,,,Orient Blackswan,,,,,,9789354425394,,Mathematics,,196,Orient Blackswan,2024,
JR0167,,Maths Ahead 1; Teachers Manual,,,,Orient Blackswan,,,,,,9780301068077,,Mathematics,,124,Orient Blackswan,2024,
JR0168,,Maths Ahead 1; Teachers Manual,,,,Orient Blackswan,,,,,,9780301068077,,Mathematics,,124,Orient Blackswan,2024,
JR0169,,Maths Ahead 2,,,,Orient Blackswan,,,,,,9789354425400,,Mathematics,,212,Orient Blackswan,2024,
JR0170,,Maths Ahead 2,,,,Orient Blackswan,,,,,,9789354425400,,Mathematics,,212,Orient Blackswan,2024,
JR0171,,Maths Ahead 2,,,,Orient Blackswan,,,,,,9789354425400,,Mathematics,,212,Orient Blackswan,2024,
JR0172,,Maths Ahead 2; Teachers Resource Manual,,,,Orient Blackswan,,,,,,9780301068084,,Mathematics,,124,Orient Blackswan,2024,
JR0173,,Maths Ahead 2; Teachers Resource Manual,,,,Orient Blackswan,,,,,,9780301068084,,Mathematics,,124,Orient Blackswan,2024,
JR0174,,Maths Ahead 3,,,,Orient Blackswan,,,,,,9789354425417,,Mathematics,,212,Orient Blackswan,2024,
JR0175,,Maths Ahead 3,,,,Orient Blackswan,,,,,,9789354425417,,Mathematics,,212,Orient Blackswan,2024,
JR0176,,Maths Ahead 3,,,,Orient Blackswan,,,,,,9789354425417,,Mathematics,,212,Orient Blackswan,2024,
JR0177,,Maths Ahead 3; Teachers Manual,,,,Orient Blackswan,,,,,,9780301068091,,Mathematics,,116,Orient Blackswan,2024,
JR0178,,Maths Ahead 3; Teachers Manual,,,,Orient Blackswan,,,,,,9780301068091,,Mathematics,,116,Orient Blackswan,2024,
JR0179,,Maths Ahead 4,,,,Orient Blackswan,,,,,,9789354425424,,Mathematics,,224,Orient Blackswan,2024,
JR0180,,Maths Ahead 4,,,,Orient Blackswan,,,,,,9789354425424,,Mathematics,,224,Orient Blackswan,2024,
JR0181,,Maths Ahead 4,,,,Orient Blackswan,,,,,,9789354425424,,Mathematics,,224,Orient Blackswan,2024,
JR0182,,Maths Ahead 4; Teachers Resource Manual,,,,Orient Blackswan,,,,,,9780307068107,,Mathematics,,144,Orient Blackswan,2024,
JR0183,,Maths Ahead 4; Teachers Resource Manual,,,,Orient Blackswan,,,,350,,9780307068107,,Mathematics,,144,Orient Blackswan,2024,
JR0184,,Maths Ahead 5,,,,Orient Blackswan,,,,586,,9789354425431,,Mathematics,,240,Orient Blackswan,2024,
JR0185,,Maths Ahead 5,,,,Orient Blackswan,,,,586,,9789354425431,,Mathematics,,240,Orient Blackswan,2024,
JR0186,,Maths Ahead 5,,,,Orient Blackswan,,,,586,,9789354425431,,Mathematics,,240,Orient Blackswan,2024,
JR0187,,Maths Ahead ; Teachers Resource Manual,,,,Orient Blackswan,,,,350,,9780301068114,,Mathematics,,132,Orient Blackswan,2024,
JR0188,,Maths Ahead ; Teachers Resource Manual,,,,"Madhuban, Vikas Publishing",,,,350,,9780301068114,,Mathematics,,132,Orient Blackswan,2024,
JR0189,,Madhuban Saral-Hindi Pathmala1: Teacher's Support Book,,Rev; 2023,28p. ,"Madhuban, Vikas Publishing",,,,120,,,,Hindi,,28,Madhubun,2023,
JR0190,,Madhuban Saral-Hindi Pathmala1: Teacher's Support Book,,Rev; 2023,28p. ,"Madhuban, Vikas Publishing",,,,120,,,,Hindi,,28,Madhubun,2023,
JR0191,,Madhuban Saral Hindi-Support Book 2,,Rev; 2023,40p.,"Madhuban, Vikas Publishing",,,,120,,,,Hindi,,40,Madhubun,2023,
JR0192,,Madhuban Saral Hindi-Support Book 2,,Rev; 2023,40p.,"Madhuban, Vikas Publishing",,,,120,,,,Hindi,,40,Madhubun,2023,
JR0193,,Madhuban Saral Hindi-Support Book 3,,Rev; 2023,68p.,"Madhuban, Vikas Publishing",,,,120,,,,Hindi,,68,Madhubun,2023,
JR0194,,Madhuban Saral Hindi-Support Book 3,,Rev; 2023,68p.,"Madhuban, Vikas Publishing",,,,120,,,,Hindi,,68,Madhubun,2023,
JR0195,,Madhuban Saral Hindi-Support Book 4,,Rev; 2023,64p.,"Madhuban, Vikas Publishing",,,,120,,,,Hindi,,64,Madhubun,2023,
JR0196,,Madhuban Saral Hindi-Support Book 4,,Rev; 2023,64p.,"Madhuban, Vikas Publishing",,,,120,,,,Hindi,,64,Madhubun,2023,
JR0197,,Madhuban Saral Hindi-Support Book 5,,Rev; 2023,72p.,"Madhuban, Vikas Publishing",,,,120,,,,Hindi,,72,Madhubun,2023,
JR0198,,Madhuban Saral Hindi-Support Book 5,,Rev; 2023,72p.,"Madhuban, Vikas Publishing",,,,120,,,,Hindi,,72,Madhubun,2023,
JR0199,Sanjana Mulla,Communicate with cambridge; Literature Reader 2,,2024,61p.,Cambridge University Press,,,,210,,9781009793131,,English,,61,Cambridge University,2024,
JR0200,Mrs Maria Vaz,"My Skill Book, English-2",,,131p.,Chetana Education,,,,160,,9788184692105,,English,,131,"Chetana, Mumbai",,
JR0201,Sanjana Mulla,Communicate with Cambridge; Course Book 2,,2024,134p.,Cambridge University Press,,,,510,,9781009792912,,English,,134,Cambridge University,2024,
JR0202,Shubha Subramaniam,The World Around Us,,2023,121p.,Cambridge University Press,,,,415,,9781009318044,,Social Studies,,121,Cambridge University,2023,
JR0203,"Prakash, CLN",Communicate with Cambridge; Workbook 2,,2022,84p.,Cambridge University Press,,,,250,,9781009179164,,English,,84,Cambridge University,2022,
JR0204,Ayesha Soldier,Inbox 2,,2024,98p.,Cambridge University Press,,,,305,,9781009441544,,Computer Science,,98,Cambridge University,2024,
JR0205,Shubha Subramaniam,I Care: A Course on Enviornmental Studies,,2024,130p.,Cambridge University Press,,,,460,,9781009793247,,Enviornmental Studies,,130,Cambridge University,2024,
JR0206,Sheeba Mathew John,Cambridge Math Milestone,,2023,166p.,Cambridge University Press,,,,470,,9781009287531,,Mathematics,,166,Cambridge University,2023,
JR0207,Ayesha Soldier,Inbox!,,2024,74p.,Cambridge University Press,,,,295,,9781009792479,,Computer Science,,74,Cambridge University,2024,
JR0208,Mrinalini Pradhan,I Explore Science Textbook,,2022,114p.,Cambridge University Press,,,,325,,9781009183215,,Science,,114,Cambridge University,2022,
JR0209,Shubha Subramaniam,The World Around Us,,2023,110p.,Cambridge University Press,,,,400,,9781009318037,,Social Studies,,110,Cambridge University,2023,
JR0210,Urmi Chakraborty,Do You Know?,,2023,84p.,Cambridge University Press,,,,315,,9781009341790,,General Studies,,84,Cambridge University,2023,
JR0211,Stalin Malhotra,Lesson for Life!,,2015,56p.,Cambridge University Press,,,,280,,9781107464476,,Life Skills,,56,Cambridge University,2015,
JR0212,"Prakash, CLN",Grammar Gear!,,2024,122p.,Cambridge University Press,,,,325,,9781009793292,,English,,122,Cambridge University,2024,
JR0213,Shubha Subramaniam,I Care ,,2024,122p.,Cambridge University Press,,,,430,,9781009793230,,Enviornmental Studies,,122,Cambridge University,2024,
JR0214,"Prakash, CLN",Grammar Gear 2,,2024,138p.,Cambridge University Press,,,,360,,9781009793308,,English,,138,Cambridge University,2024,
JR0215,"Prakash, CLN",Communicate with cambridge,,2024,64p.,Cambridge University Press,,,,265,,9781009793049,,English,,64,Cambridge University,2024,
JR0216,Stalin Malhotra,Lesson for Life 2,,2015,56p.,Cambridge University Press,,,,290,,9781107464810,,Life Skills,,56,Cambridge University,2015,
JR0217,Sheeba Mathew John, Cambridge with Milestone 2,,2023,190p.,Cambridge University Press,,,,490,,9781009287548,,English,,190,Cambridge University,2023,
JR0218,Sanjana Mulla,Communicate with cambridge,,2024,134p.,Cambridge University Press,,,,510,,9781009792905,,English,,134,Cambridge University,2024,
JR0219,Lali John,Splendid Science,,2023,130p.,Cambridge University Press,,,,520,,9781009247528,,Science,,130,Cambridge University,2023,
JR0220,Subba Rao,Ramayana Harikatha,,2024,116p.,Prism,,,,495,,8119355679,,Mythology,,116,Cambridge University,2024,
JR0221,Lali John,Splendid Science,,2023,130p.,Cambridge University Press,,,,510,,9781009247504,,Science,,130,Cambridge University,2023,
JR0222,"Acharya, Madhusmitha","Social Studies, 5",,2023,184p.,Rachna Sagar,,,,,,978-93-5844-774-3,,Social Studies,,184,Rachna Sagar,2023,
JR0223,"Jyoti, Rohini",The World Around Us,,2017,145p.,Cambridge University Press,,,,,,978-1-316-64322-8,,Social Studies,,145,Cambridge University,2017,
JR0224,"Gupta, Sangeeta","Social Studies, 5",,2022,136p.,Viva Education,,,,,,978-93-89401-76-9,,Social Studies,,136,Viva Education,2022,
JR0225,"Tarafdar, Arumita","Social Studies, 5",,2023,138p.,Viva Education,,,,,,978-93-93329-86-8,,Social Studies,,138,,2023,
JR0226,"Mavri, Rama & et.al.",English Grade 1,,2021,180p.,Next Education,,,,,,978-93-9250-143-2,,English,,180,Viva Education,2021,
JR0227,,Grammar and Creative Learning,,,96p.,Firefly,,,,,,978-93-90809-11-0,,English,,96,Next Education,,
JR0228,,"Grammar and Composition, Grade 1",,2020,60p.,Eupheus Learning,,,,,,978-93-89519-13-6,,English,,60,Firefly Books,2020,
JR0229,,"Grammar and Composition, Grade 1",,2020,60p.,Eupheus Learning,,,,,,978-93-89519-13-6,,English,,60,Eupheus learning,2020,
JR0230,"Budgell, Gill",Primary English: Workbook 1,,2021,191p.,Cambridge University Press,,,,,,978-1-108-74271-9,,English,,191,Eupheus learning,2021,
JR0231,,"Magnolia English Reader, Grade 1",,2020,119p.,Orient Blackswan,,,,,,978-93-86689-89-4,,English,,119,Cambridge University Press,2020,
JR0232,,"English, Class 1",,2020,128p.,Tata Class edge,,,,,,978-81-942982-5-0,,English,,128,Orient Blackswan,2020,
JR0233,Sarah Lindsay and Wendy Wren,Cambridge Grammar and writing skills: learner's book 1,,2019,88p.,Cambridge University Press,,,,,,978-1-108-73058-7,,English,,88,Tata Class Edge,2019,
JR0234,"Aulakh, Brinder",Real English: A Multi skill language course,,2024,128p.,Viva Education,,,,,,978-93-95654-98-2,,English,,128,Cambridge University Press,2024,
JR0235,,Grammar Creative Writing,,,96p.,Firefly Books,,,,,,978-93-90809-11-0,,English,,96,Viva Education,,
JR0236,"bhutani, Preeti",Mon Passeport: Pour le monde,,2022,124p.,Unisec,,,,,,978-83-80263-10-6,,French,,124,Firefly Books,2022,
JR0237,"bhutani, Preeti","Mon Passeport: Cahier d' activities, Grade 0",,,48p.,Unisec,,,,,,978-81-935582-2-5,,French,,48,Unisec Publication,,
JR0238,"bhutani, Preeti","Mon Passeport: Cahier d' activities, Grade 2",,,52p.,Unisec,,,,,,978-93-80263-12-0,,French,,52,Unisec Publication,,
JR0239,"bhutani, Preeti","Mon Passeport: Cahier d' activities, Grade 1",,,52p.,Unisec,,,,,,978-93-80263-09-0,,French,,52,Unisec Publication,,
JR0240,"Khurana, Archana and likhari, harpreet",Enchante! : Methode de francias,,2015,100p.,Forever Books,,,,,,978-81-8137-967-2,,French,,100,Forever Books,2015,
JR0241,"Khurana, Archana and likhari, harpreet",Enchante!: Workbook,,2015,60p.,Forever Books,,,,,,978-81-8137-972-6,,French,,60,Forever Books,2015,
JR0242,"Khurana, Archana and likhari, harpreet",Enchante! : Methode de francias,,2015,116p.,Forever Books,,,,,,978-81-8137-968-9,,French,Accomnpanying material: Dictionnaire Illustrate,116,Forever Books,2015,
JR0243,"bhutani, Preeti",Mon Passeport: Cahier d' activities,,,48p.,Unisec,,,,,,978-81-93582-2-5,,French,,48,Unisec Publication,,
JR0244,"bhutani, Preeti","Enchante! : Methode de francias, Grade 1",,2022,140p.,Unisec,,,,,,978-93-80263-00-7,,French,,140,Unisec Publication,2022,
JR0245,Simran Batra & Mahitha Ranjith,Apprenons le Francais - 4 : Cahier d' exercises,,2024,112p.,New Saraswati House,,,,,,978-93-55575-57-9,,French,,112,New Saraswati House,2024,
JR0246,Archana Khurana and Harpreet Lakhari,Enchante! : Methode de francias,,2015,128p.,Forever Books,,,,,,978-81-8137-969-6,,French,Accomnpanying material: Dictionnaire Illustrate,128,Forever Books,2015,
JR0247,Simran Batra & Mahitha Ranjith,Apprenons le Francais - 0 : Cahier d' exercises,,2024,64p.,New Saraswati House,,,,,,978-93-55575-54-8,,French,,64,New Saraswati House,2024,
JR0248,"Ranjith, Mahitha",Apprenons le Francais : Methode de Francais; Grade 0,,2024,116p.,New Saraswati House,,,,,,978-93-55575-51-7,,French,,116,New Saraswati House,2024,
JR0249,Archana Khurana and et al.,Enchante! : Methode de francias ; Grade 3,,2015,144p.,New Saraswati House,,,,,,978-81-8137-970-2,,French,Accomnpanying material: Dictionnaire Illustrate,144,Forever Books,2015,
JR0250,"Ranjith, Mahitha",Apprenons le Francais : Methode de Francais; Grade 4,,2024,172p.,New Saraswati House,,,,,,978-93-55575-58-6,,French,,172,New Saraswati House,2024,
JR0251,Archana Khurana and et al.,Enchante! : Methode de francias ; Grade 3 Teacher's Copy,,2015,144p.,Forever Books,,,,,,978-81-8137-970-2, ,French,,144,Forever Books,2015,
JR0252,Heather Mascie- Taylor and Et al.,Tricolore; nouvelle Ed. ; Grade 3,,2014,175p. ,Oxford University Press,,,,,,978-0-17-440343-2,,French,,175,Oxford University Press,2014,
JR0253,Heather Mascie- Taylor and Et al.,Tricolore; nouvelle Ed. ; Grade 4,,2014,175p. ,Oxford University Press,,,,,,978-0-17-440343-2,,French,,175,Oxford University Press,2014,
JR0254,Heather Mascie- Taylor and Et al.,Tricolore; nouvelle Ed. ; Grade 5,,2014,175p. ,Oxford University Press,,,,,,978-0-17-440343-2,,French,,175,Oxford University Press,2014,
JR0255,Simran Batra & Mahitha Ranjith,Apprenons le Francais : Cahier d' exercises ; Grade 1,,2024,72p.,New Saraswati House,,,,,,978-93-55575-53-1,,French,,72,New Saraswati House,2024,
JR0256,"Ranjith, Mahitha",Apprenons le Francais : Methode de Francais; Grade 1,,2024,128p.,New Saraswati House,,,,,,978-93-55575-49-4,,French,,128,New Saraswati House,2024,
JR0257,"bhutani, Preeti",Mon Passeport: Cahier d' activities; Grade 1,,,52p.,Unisec,,,,,,978-93-80263-09-0,,French,,52,Unisec Publication,,
JR0258,"bhutani, Preeti",Mon Passeport: Cahier d' activities; Grade 1,,,52p.,Unisec,,,,,,978-93-80263-09-0,,French,,52,Unisec Publication,,
JR0259,"bhutani, Preeti",Mon Passeport: Cahier d' activities; Grade 1,,,52p.,Unisec,,,,,,978-93-80263-09-0,,French,,52,Unisec Publication,,
JR0260,"bhutani, Preeti",Mon Passeport: Cahier d' activities; Grade 1,,,52p.,Unisec,,,,,,978-93-80263-09-0,,French,,52,Unisec Publication,,
JR0261,"bhutani, Preeti",Mon Passeport: Cahier d' activities; Grade 1,,,52p.,Unisec,,,,,,978-93-80263-09-0,,French,,52,Unisec Publication,,
JR0262,"bhutani, Preeti",Mon Passeport: Cahier d' activities; Grade 1,,,52p.,Unisec,,,,,,978-93-80263-09-0,,French,,52,Unisec Publication,,
JR0263,Archana Khurana and Harpreet Lakhari,Enchante !: Methode de Francais; Grade 2,,2015,128p.,Forever Books,,,,,,978-81-8137-969-6,,French,,128,Forever Books,2015,
JR0264,,My book of Art and Rhythm,,2021,26p.,Next Education,,,,,,978-93-9250-135-7,,Art,,26,Next Education,2021,
JR0265,Vaishali Gupta & Anuradha Gupta,New Science in Everyday Life,,2022,152p.,Oxford University Press,,,,,,978-0-19-561212-7,,Science,,152,Oxford University Press,2022,
JR0266,Cherri Moseley &  Janet Rees,Primary Mathematics; Learner's Book 2,,2021,251p.,Cambridge University Press,,,,,,978-108-74644-1,,Mathematics,,251,Cambridge University,2021,
JR0267,"Praveen, S. Reshma",English vibes: An integrated Skill Course ; Grade 3,,2021,126p.,Eupheus Learning,,,,,,978-81-938842-3-2,,English,,126,Eupheus learning,2021,
JR0268,"Praveen, S. Reshma",English vibes: An integrated Skill Course ; Grade 3,,2021,126p.,Eupheus Learning,,,,,,978-81-938842-3-2,,English,,126,Eupheus learning,2021,
JR0269,"Praveen, S. Reshma",English vibes: An integrated Skill Course ; Grade 3,,2021,126p.,Eupheus Learning,,,,,,978-81-938842-3-2,,English,,126,Eupheus learning,2021,
JR0270,"Praveen, S. Reshma",English vibes: An integrated Skill Course ; Grade 3,,2021,126p.,Eupheus Learning,,,,,,978-81-938842-3-2,,English,,126,Eupheus learning,2021,
JR0271,"Praveen, S. Reshma",English vibes: An integrated Skill Course ; Grade 3,,2021,126p.,Eupheus Learning,,,,,,978-81-938842-3-2,,English,,126,Eupheus learning,2021,
JR0272,,English vibes: An integrated Skill Course ; Grade 3; Teacher's Manual,,,,Eupheus Learning,,,,,,,,English,,,Eupheus learning,,
JR0273,,English vibes: An integrated Skill Course ; Grade 3; Teacher's Manual,,,,Eupheus Learning,,,,,,,,English,,,Eupheus learning,,
JR0274,"O' Brien, Barry",EnglishVille : A Complete Graded Course in English ; Grade 2,,,144p.,Chetana Education,,,,,,978-81-8469-124-5,,English,,144,Chetana Education,,
JR0275,"O' Brien, Barry",EnglishVille : A Complete Graded Course in English ; Grade 2,,,144p.,Chetana Education,,,,,,978-81-8469-124-5,,English,,144,Chetana Education,,
JR0276,"Aulakh, Brinder",Real English: A Multi skill language course; Grade 1,,2018,43p.,Viva Education,,,,,,978-93-87153-80-6,,English,,43,Viva Education,2018,
JR0277,,Vibes: Grammar and Composition ; Grade 1,,2022,60p.,Eupheus Learning,,,,,,978-93-89519-13-6,,English,,60,Eupheus learning,2022,
JR0278,"Praveen, S. Reshma","English vibes: An integrated Skill Course ; Grade 1

",,2021,102p.,Eupheus Learning,,,,,,978-81-938842-1-8, ,English,,102,Eupheus learning,2021,
JR0279,,English; Grade 1,,2020,132p.,Tata Class edge,,,,,,978-81-942982-5-0,,English,,132,Tata Class Edge,2020,
JR0280, ,English; Class 1; Teacher's Edition,,,153p.,Tata Class edge,,,,,,978-81-942982-6-7,,English,,153,Tata Class Edge,,
JR0281,,English Reader; Grade 2,,2024,120p.TUK ,,,,,,,978-81-960113-7-6,,English,,120,TUK,2024,
JR0282,"Praveen, S. Reshma",English Vibes: An Integrated - Skills course; Grade 2,,2021,110p.,Eupheus Learning,,,,,, 978-81-938842-2-5,,English,,110,Eupheus learning,2021,
JR0283,,English; Grade 2; Teacher's Ed.,,2020,177p.,Tata Class edge,,,,,,978-81-942982-9-8,,English,,177,Tata Class Edge,2020,
JR0284,,Grammar and Creative Writing; Grade 3,,,136p.,Firefly Books,,,,,,978-93-90809-13-4,,English,,136,Firefly Books,,
JR0285,"O' Brien, Barry",EnglishVille : A Complete Graded Course in English ; Grade 3,,,152p.,Firefly Books,,,,,,978-93-8833-053-4,,English,,152,Firefly Books,,
JR0286,Rama Mavuri and et al.,English : early years learnig Program; Grade 2,,2021,188p.,Next Education,,,,,,978-93-9250-165-4,,English,,188,Next Education,2021,
JR0287,Rama Mavuri and et al.,Assessment Booklet: early Years Learning Program; Grade 2,,2021,86p.,Next Education,,,,,,978-93-9250-174-6,,English,,86,Next Education,2021,
JR0288,"Praveen, S. Reshma",English Vibes: An Integrated Skills  Course; grade 2,,,110p.,Eupheus Learning,,,,,,978-81-938842-2-5,,English,,110,Eupheus learning,2021,
JR0289,"O' Brien, Barry",Englishville: An Integrated Skills Courses; Grade 2,,,144p.,Firefly Books,,,,,  ,978-81-8469-124-6,,English,,144,Firefly Books,,
JR0290,"Iannsuzzi, Susan and Mudgal, Vaishali",Wow!: English; Grade 3,,2021,146p.,Eupheus Learning,,,,,,978-93-85937-59-0,,English,,146,Eupheus learning,2021,
JR0291,"Lindsay, sarah and Ruttle, Kate",Primary english: Learner's Book 3,,2021,256p.,Cambridge University Press,,,,,,978-1-108-81954-1,,English,,256,Cambridge University,2021,
JR0292,"Batra, Alka",Wind Chimes: An Eclectic Course in English for 21st Century Learners; Grade 3,,2024,144p.,Madhubun,,,,,,978-93-90080-53-3,,English,,144,Madhubun,2024,
JR0293,"Praveen, S. Reshma",English Vibes!: An Integrated-Skills Course; Coursebook 3,,2021,126p.,Eupheus Learning,,,,,,978-81-938842-3-2,,English,,126,Eupheus learning,2021,
JR0294,,English: Workbook; Class 3,,2020,94p.,Tata Class edge,,,,,,978-81-943506-0-6,,English,,94,Tata Class Edge,2020,
JR0295,,English;  Teacher's Ed.,,2020,185p.,Tata Class edge,,,,,,978-81-943580-9-1,,English,,185,Tata Class Edge,2020,
JR0296,,English; Class 3,,2020,156p.,Tata Class edge,,,,,,978-81-943580-8-4,,English,,156,Tata Class Edge,2020,
JR0297,,English: teacher Ed.,,2020,185p.,Tata Class edge,,,,,,978-81-943580-9-1,,English,,185,Tata Class Edge,2020,
JR0298,,English; Class 3,,2020,156p.,Tata Class edge,,,,,,978-81-943580-8-4,,English,,156,Tata Class Edge,2020,
JR0299,,English: Workbook; Class 3,,2020,94p.,Tata Class edge,,,,,,978-81-943506-0-6,,English,,94,Tata Class Edge,2020,
JR0300,"Mangalaprathaban, M",Real English: A Multi- Skill Language Course; Grade 3,,2019,108p.,Viva Education,,,,,,978-93-86824-79-0,,English,,108,Viva Education,2019,
JR0301,,English; Class 3,,2020,156p.,Tata Class edge,,,,,,978-81-943580-8-4,,English,,156,Tata Class Edge,2020,
JR0302,"Samantray, kalyani",New Learner's Grammar and Composition; Grade 2,,2022,112p.,Oxford University Press,,,,,,978-0-19-563420-4,,English,,112,Oxford University Press,2022,
JR0303,"O' Brien, Barry",Englishville: A Complete Graded Course in English; grade 2,,,144p.,Firefly Books,,,,,,978-81-8469-124-5,,English,,144,Firefly Books,,
JR0304,,Grammar and Composition: Teacher's Resource Book; Grade 2,,,128p.,Collins,,,,,,978-93-9019-164-2,,English,,128,Harper Collins,,
JR0305,"Praveen, S. Reshma",English Vibes!: An Integrated-Skills Course; Coursebook 2,,2022,110p.,Eupheus Learning,,,,,,978-81-938842-2-5,,English,,110,Eupheus learning,2022,
JR0306,"Sood, Vandana",Everyday English Grammar and Composition; Book 2,,2023,116p.,Viva Education,,,,,,978-93-93329-23-3,,English,,116,Viva Education,2023,
JR0307,"Bakshi, Rita and Kumar, Pallavi",Grammar and Composition: Applied English; grade 2,,,128p.,V Connect,,,,,,978-93-53621-81-0,,English,,128,V Connect,,
JR0308,"O' Brien, Barry",Englishville: A Complete Graded Course in English; grade 2,,,144p.,Firefly Books,,,,,,978-81-8469-124-5,,English,,144,Firefly Books,,
JR0309,,English; Class 2,,2020,148p.,Tata Class edge,,,,,,978-81-942982-8-1,,English,,148,Tata Class Edge,2020,
JR0310,,Vibes: Grammar and Composition ,,2022,70p.,Eupheus Learning,,,,,,978-93-89519-14-3,,English,,70,Eupheus learning,2022,
JR0311,"Ghosh, Ushani","Think Grammar; Grade 1
",,2024,92p.,Madhubun,,,,,,978-93-5674-991-7,,English,,92,Madhubun,2024,
JR0312,"Ghosh, Ushani",Think Grammar; Grade 2,,2024,100p.,Madhubun,,,,,,978-93-5674-992-4,,English,,100,Madhubun,2024,
JR0313,,"English: teacher Ed.; Class 2
",,2020,177p.,Tata Class edge,,,,,,978-81-942982-9-8,,English,,177,Tata Class Edge,2020,
JR0314,"Aulakh, Brinder","Real English: A Multi skill language course; Grade 2
",,2024,148p.,Viva Education,,,,,,978-93-95654-65-4,,English,,148,Viva Education,2024,
JR0315,,English Vibes : An Integrated Skillls Course: Teacher's Manual; Grade 2,,,,Eupheus Learning,,,,,,,,English,,,Eupheus learning,,
JR0316,,"Magnolia: English Reader
",,2021,135p.,Orient Blackswan,,,,,,978-93-86689-90-0,,English,,135,Orient Blackswan,2021,
JR0317,"Ramesh, Brinder","Climb with Cornerstone: Grammar and Composition Skills; Grade 1
",,,118p.,Pearson,,,,,,978-93-534-3495-3,,English,,118,Pearson,,
JR0318,"Pithadia, Ketan N and Durgesh
","Butterfly: A Multi-Skill Course in English; Grade 2
",,2024,102p.,Green Earth,,,,,,978-93-87634-92-3,,English,,102,Green Earth,2024,
JR0319,,"Vibes!: Grammar and Composition; Grade 2
",,2022,70p.,Eupheus Learning,,,,,,978-93-89519-14-3,,English,,70,Eupheus learning,2022,
JR0320,,"Englishvibes! : An Integrated Skills Course; Teacher's Manual; 2
",,2020,,Eupheus Learning,,,,,,,,English,,,Eupheus learning,2020,
JR0321,"Lindsay, Sarah and Wren, Wendy
",Cambridge Grammar and writing skills: learner's book 2,,2019,95p.,Cambridge University Press,,,,,,978-1-108-73059-4,,English,,95,Cambridge University,2019,
JR0322,Aparna Tulpale and Et al.,English; Class 2,,2020,148p.,Tata Class edge,,,,,,978-81-942982-8-1,,English,,148,Tata Class Edge,2020,
JR0323,"Praveen, S. Reshma","English Vibes! : An Integrated Skills Course ; Coursebook 2
",,2021,110p.,Proficiency Learning Solution,,,,,,978-81-938842-2-5,,English,,110,Proficiency Learning Solution,2021,
JR0324,,English: Workbook ; Class 2,,2020,93p.,Tata Class edge,,,,,,978-81-943580-0-8,,English,,93,Tata Class Edge,2020,
JR0325,"Aulakh, Brinder","Real English: A Multi skill language course; Workbook 2
",,2018,58p.,Viva Education,,,,,,978-93-87153-81-3,,English,,58,Viva Education,2018,
JR0326,"Aulakh, Brinder","Real English: A Multi skill language course; 2
",,2019,120p.,Viva Education,,,,,,978-93-86824-78-3,,English,,120,Viva Education,2019,
JR0327,"Ramesh, Brinder","Climb with Cornerstone: Grammar and Composition Skills; Grade 2
",,2020,126p.,Pearson,,,,,,978-93-534-3496-0,,English,,126,Pearson,2020,
JR0328,"Pachuau, Sarahat Lalengzami","My Grammar TIme; 2
",,2023,100p.,Bharati Bhawan,,,,,,978-93-5027-186-5,,English,,100,Bharati Bhavan,2023,
JR0329,"Fadra, Sabahat and Et al.","English Workbook; Class 2
",,2020,93p.,Tata Class edge,,,,,,978-81-943580-0-8,,English,,93,Tata Class Edge,2020,
JR0330,"Aulakh, Brinder","Real English: A Multi skill language course; Coursebook 2

",,2023,148p.,Viva Education,,,,,,978-93-93329-75-2,,English,,148,Viva Education,2023,
JR0331,"Iannsuzzi, Susan and Mudgal, Vaishali","Wow! English; Coursebook 2
",,2021,134p.,Eupheus Learning,,,,,,978-93-85937-58-3,,English,,134,Eupheus learning,2021,
JR0332,,"Grammar and Creative Writing; 2
",,,104p.,Chetana Education,,,,,,978-93-90809-12-7,,English,,104,Chetana Education,,
JR0333,"Praveen, S. Reshma","Emglish Vibes!: An Integrated- Skills Course; Practicebook 2
",,2019,70p.,Proficiency Learning Solution,,,,,,978-93-89519-00-6,,English,,70,Proficiency Learning Solution,2019,
JR0334,"Bose, Ruby","Enhanced Engaging English; 3
",,2025,144p.,Harper Collins,,,,,,978-93-6213-312-0,,English,,144,Harper Collins,2025,
JR0335,"Bose, Ruby","Enhanced Engaging English; 4
",,2025,152p.,Harper Collins,,,,,,978-93-6213-205-5,,English,,152,Harper Collins,2025,
JR0336,"Bose, Ruby and Gupta, Anju
","Enhanced Engaging English; 5
",,2025,160p.,Harper Collins,,,,,,978-93-6213-821-7,,English,,160,Harper Collins,2025,
JR0337,"Sen, Benita",The Magic Carpet; 2,,2023,104p.,Bharati Bhawan,,,,,,978-93-8870-422-9,,English,,104,Bharati Bhavan,2023,
JR0338,"Praveen, S. Reshma",English Vibes!: An Integrated Skills Course; Coursebook 1,,2021,102p.,Proficiency Learning Solution,,,,,,978-81-938842-1-8,,English,,102,Proficiency Learning Solution,2021,
JR0339,"Samantray, kalyani",New Learner's Grammar and Composition; 1,,2022,88p.,Oxford University Press,,,,,,978-0-19-563543-0,,English,,88,Oxford University Press,2022,
JR0340,"Sen, Benita",The Magic Carpet; 1,,2023,96p.,Bharati Bhawan,,,,,,978-93-8870-413-7,,English,,96,Bharati Bhavan,2023,
JR0341,"O' Brien, Barry",EnglishVille : A Complete Graded Course in English ; 1,,,128p.,Chetana Education,,,,,,978-81-8469-116-0,,English,,128,Chetana Education,,
JR0342,"O' Brien, Barry",EnglishVille : A Complete Graded Course in English ; 1,,,128p.,Chetana Education,,,,,,978-81-8469-116-0,,English,,128,Chetana Education,,
JR0343,"Tulpule, Aparna and Et al.",English: Teacher Ed; Class 1,,2020,153p.,Tata Class edge,,,,,,978-81-942982-6-7,,English,,153,Tata Class Edge,2020,
JR0344,"Fadra, Sabahat and Et al.","English: Workbook; Class 1
",,2020.2022,84p.,Tata Class edge,,,,,,978-81-942982-7-4,,English,,84,Tata Class Edge,2020,
JR0345,,Grammar and Composition: Vibes! ; 1,,2022,60p.,Proficiency Learning Solution,,,,,,978-93-89519-13-6,,English,,60,Proficiency Learning Solution,2022,
JR0346,"Aulakh, Brinder","Real English: A Multi skill language course; Coursebok 1
",,2023,128p.,Viva Education,,,,,,978-93-93329-74-5,,English,,128,Viva Education,2023,
JR0347,"Praveen, S. Reshma","Englishvibes! : An Integrated Skills Course; Coursebook 1
",,2021,102p.,Proficiency Learning Solution,,,,,, 978-81-938842-2-5,,English,,102,Proficiency Learning Solution,2021,
JR0348,"Pithadia, Ketan N and Durgesh
","Butterfly: A Multi-Skill Course in English
",,2024,90p.,Green Earth,,,,,,978-93-87634-91-6,,English,,90,Green Earth,2024,
JR0349,"O' Brien, Barry",Englishville: A Complete Graded Course in English; 1,,,128p.,Chetana Education,,,,,,978-81-8469-116-0,,English,,128,Chetana Education,,
JR0350,Vijaya,Wind Chimes: An Eclectic Course in English for 21st Century Learners; Coursebook 1,,2024,132p.,"Madhuban, Vikas Publishing",,,,,,978-93-90080-51-9,,English,,132,Madhubun,2024,
JR0351,"Tulpule, Aparna and Et al.",English; Class 1,,2020,132p.,Tata Class edge,,,,,,978-81-942982-5-0,,English,,132,Tata Class Edge,2020,
JR0352,"Pachuau, Sarahat Lalengzami","My Grammar TIme; 1
",,2023,88p.,Bharati Bhawan,,,,,,978-93-5027-179-9,,English,,88,Bharati Bhavan,2023,
JR0353,"Vasudev, Vasanthi",New Images: A Comprehensive Course in English; Enrichment Reader 2,,2022,71p.,Pearson,,,,,,978-93-544-9722-3,,English,,71,Pearson,2022,
JR0354,"Vasudev, Vasanthi","New Images: A Comprehensive Course in English; 1
",,2022,67p.,Pearson,,,,,,978-93-544-9714-8,,English,,67,Pearson,2022,
JR0355,"Vasudev, Vasanthi","New Images: A Comprehensive Course in English; 3
",,2022,71p.,Pearson,,,,,,978-93-544-9730-8,,English,,71,Pearson,2022, 
JR0356,"Vasudev, Vasanthi","New Images: A Comprehensive Course in English; 4
",,2022,79p.,Pearson,,,,,,978-93-544-9738-4,,English,,79,Pearson,2022,
JR0357,"O' Brien, Barry","Englishville: A Complete Graded Course in English
",,,128p.,Chetana Education,,,,,,978-81-8469-116-0,,English,,128,Chetana Education,,
JR0358,,English Reader; 1,,,112p.,TUK,,,,,,9788196011369,,English,,113,TUK,,
JR0359,"Praveen, S. Reshma","English Vibes! : An Integrated Skills Course ; practicebook 1
",,2019,54p.,Proficiency Learning Solution,,,,,,978-81-938842-9-4,,English,,54,Proficiency Learning Solution,2019,
JR0360,"Bakshi, Rita and Kumar, Pallavi",Applied English: Grammar and Composition,,2021,112p.,New Saraswati House,,,,,,978-93-53621-80-3,,English,,112,New Saraswati House,2021,
JR0361,"Vasudev, Vasanthi","New Images: A Comprehensive Course in English; Classbook 1
",,2022,118p.,Pearson,,,,,,978-93-903-2592-4,,English,,118,Pearson,2022,
JR0362,"Aulakh, Brinder",Real English: A Multi- Skill Language Course;1,,2022,104p.,Viva Education,,,,,,978-93-86824-77-6,,English,,104,Viva Education,2022,
JR0363,"Tanya, Ritu and Prakash, CLN",Grammar Gear: 2,,2024,138p.,Cambridge University Press,,,,,,978-1-009-79330-8,,English,,138,Cambridge University,2024,
JR0364,"O' Brien, Barry","Englishville: A Complete Graded Course in English; 5
",,,167p.,Chetana Education,,,,,,978-93-88330-55-8,,English,,167,Chetana Education,,
JR0365,,Vibes!: grammar and composition; 3,,,70p.,Eupheus Learning,,,,,,978-93-89519-15-0,,English,,70,Eupheus learning,,
JR0366,"Pithadia, Ketan N ","Butterfly: A Multi-Skill Course in English; Grade 5
",,,104p.,Green Earth,,,,,,978-93-93639-17-2,,English,,104,Green Earth,,
JR0367,,Advanced English Reader; 5,,,140p.,Medalist,,,,,,978-81-96011-38-3,,English,,140,Medalist,,
JR0368,,Grammar and Creative Writing,,,144p.,Chetana Education,,,,,,978-93-90809-19-6,,English,,144,Chetana Education,,
JR0369,"Sunil, K E",Real English: A Multi-Skill language Course,,2023,144p.,Viva Education,,,,,,978-93-93329-78-3,,English,,144,Viva Education,2023,
JR0370,"Mirza, Lorraine",Joy of Mathematics,,2022,136p.,Macmillan,,,,,,978-9354551468,,Mathematics,,136,Macmillan,2022,
JR0371,"Liz, Dilley and Baxter, Flora",Cambridge Primary Science; Workbook 5,,2021,102p.,Cambridge University Press,,,,,,978-1-108-74296-2,,Science,,102,Cambridge University,2021,
JR0372,"Sunil, K E",Real English : A Multi-Skill language Course,,2024,144p.,Viva Education,,,,,,978-93-95654-60-9,,English,,144,Viva Education,2024,
JR0373,,Collins English: Grammar and Composition; Teachers Resource Book 5,,,175p. ,Collins,,,,,,978-93-9019-167-3,,English,,175,Harper Collins,,
JR0374,"Fevre, Andre Le Ed.",Climb with Cornerstone: Grammar and Composition Skills,,,166p.,Pearson,,,,,,978-93-534-3499-1,,English,,166,Pearson,,
JR0375,"Ravenscroft, Adrian and Holman, Thomas",Cambridge Primary Global Perspectives; Learner's Skill Book 6,,2021,207p.,Cambridge University Press,,,,,,978-1-108-92684-3,,Life Skills,,207,Cambridge University Press,2021,
JR0376,"Page, Alison and Et al.",Computing Teacher's Guide 4- 6,,2020,143p.,Oxford University Press,,,,,,978-1-382-00746-7,,Computer Science,,143,Oxford University Press,2020,
JR0377,"Malhotra, Stalin","Lessons for Life: A Course in Morals, Values and Life Skills; 2",,2015,56p.,Cambridge University Press,,,,,,978-1-107-46481-0,,Life Skills,,56,Cambridge University Press,2015,
JR0378,"Gupta, Sangeeta",ENviornmental studies,,2020,140p.,Viva Education,,,,,,978-93-89401-94-3,,Enviornmental Studies,,140,Viva Education,2020,
JR0379,Ed. Shipra Srivastava,Enviornmental Studies; Coursebook 4,,,168p.,Chetana Education,,,,400,,978-81-8469-320-1,,Enviornmental Studies,,168,Chetana Education,,
JR0380,Ed. Shipra Srivastava,Enviornmental Studies; Coursebook 3,,,144p.,Chetana Education,,,,340,,978-81-8469-312-6,,Enviornmental Studies,,144,Chetana Education,,
JR0381,Ed. Shipra Srivastava,Enviornmental Studies; Coursebook 5,,,176p.,Chetana Education,,,,400,,978-81-8469-328-7,,Enviornmental Studies,,176,Chetana Education,,
JR0382,Ed. Radha Sundaresan,Enviornmental Studies; Integrated Coursebook 1,,,88p.,Chetana Education,,,,235,,978-81-8469-300-3,,Enviornmental Studies,,88,Chetana Education,,
JR0383,"Doraiswamy, Monica",Enviornmental Studies; Integrated Coursebook 2,,,104p.,Chetana Education,,,,260,,978-81-8469-306-5,,Enviornmental Studies,,104,Chetana Education,,
JR0384,Ed. Shipra Srivastava,Enviornmental Studies; Coursebook 5,,,176p.,Chetana Education,,,,340,,978-81-8469-328-7,,Enviornmental Studies,,176,Chetana Education,,
JR0385,,Enviornmental Studies; teacher's manual; 5,,,182p.,Viva Education,,,,,,978-81-8327-244-4,,Enviornmental Studies,,182,Viva Education,,
JR0386,,Essential Social Studies for Primary School; Class 5,,2021,148p.,Goyal Brothers Prakashan,,,,325,,978-938764-472-4,,Social Studies,,148,Goyal Brother's Prakashan,2021,
JR0387,Moneesha Sharma and Et al,Cosmos: Social Status with Practice Assignments; book 5,,2021,176p.,Oxford University Press,,,,440,,0-19-012742-2,,Social Studies,,176,Oxford University Press,2021,
JR0388,"Sangeeta, Gupta","Enviornmental Studies: Learn, Understand, Apply; 5",,2023,144p.,Viva Education,,,,515,,978-93-93329-42-4,,Enviornmental Studies,,144,Viva Education,2023,
JR0389,Ed. Madhubun,Enviornmental Studies: Understanding the World Around Us; 5,,2022,156p.,Vikas,,,,410,,978-93-52713-90-5,,Enviornmental Studies,,156,Vikas,2022,
JR0390,"Razavi, Zainab H and Sharma, Neha",Enviornmental Studies; Book 5,,2018,146p.,Viva Education,,,,425,,978-93-86824-99-8,,Enviornmental Studies,,146,Viva Education,2018,
JR0391,Kavitha Sood,The Earth and Us; A Primary EVS Course; 5,,2022,157p.,Pearson,,,,270,,978-93-544-9436-9,,Enviornmental Studies,,157,Pearson,2022,
JR0392,Sangeeta Gupta,Enviornmental Studies; 5,,2023,144p.,Viva Education,,,,495,,978-93-93329-42-4,,Enviornmental Studies,,144,Viva Education,2023,
JR0393,"Razavi, Zainab H and Sharma, Neha",Enviornmental Studies; 5,,2019,146p.,Viva Education,,,,425,,978-93-86824-99-8,,Enviornmental Studies,,146,Viva Education,2018,
JR0394,"Razavi, Zainab H and Sharma, Neha",Enviornmental Studies;Book 4,,2018,124p.,Viva Education,,,,395,,978-93-86824-98-1,,Enviornmental Studies,,124,Viva Education,2018,
JR0395,Vijayalakshmi Singh,ENviornemental Connect; 5,,2024,181p.,Proficiency Learning Solution,,,,395,,978-93-89700-18-3,,Enviornmental Studies,,181,Proficiency Learning Solution,2024,
JR0396,"Manku, A. Versha and Madhu Mehta",The World of Enviornmental Studies; 5,,2012,168p.,Rachna Sagar,,,,349,,978-81-8137-676-3,,Enviornmental Studies,,168,Rachna Sagar,2012,
JR0397,Ed. Shipra Srivastava,Enviornmental Studies; Coursebook 4,,,168p.,Chetana Education,,,,340,,978-81-8469-320-1,,Enviornmental Studies,,168,Chetana Education,,
JR0398,Sangeeta Gupta,Enviornmental Studies; 4,,2023,128p.,Viva Education,,,,505,,978-93-93329-41-7,,Enviornmental Studies,,128,Viva Education,2023,
JR0399,Vaishali Gupta ,Hello Earth: A Course on Enviornmental Studies,,2022,152p.,Oxford University Press,,,,465,,978-9-35-497051-1,,Enviornmental Studies,,152,Oxford University Press,2022,
JR0400,Sangeeta Gupta,Enviornmental STudies; 5,,2023,144p.,Viva Education,,,,495,,978-93-93329-42-4,,Enviornmental Studies,,144,Viva Education,2023,
JR0401,Ed. Sutapa Basu,Social Studies: Vibes; 5,,2022,144p.,Proficiency Learning Solution,,,,435,,978-93-89519-28-0,,Social Studies,,144,Proficiency Learning Solution,2022,
JR0402,"Urmi Chakraborty, Dayita Datta and Kasturi, Sucharita Basu",Do You Know? A Course in General Studies and Life Skills; 1,,2023,68p.,Cambridge University Press,,,,330,,,,General Studies,,68,Cambridge University Press,2023,
JR0403,"Urmi Chakraborty, Dayita Datta and Kasturi, Sucharita Basu",Do You Know? A Course in General Studies and Life Skills; 2,,2023,72p.,Cambridge University Press,,,,330,,,,General Studies,,72,Cambridge University Press,2023,
JR0404,"Urmi Chakraborty, Dayita Datta and Kasturi, Sucharita Basu",Do You Know? A Course in General Studies and Life Skills; 3,,2023,76p.,Cambridge University Press,,,,345,,,,General Studies,,76,Cambridge University Press,2023,
JR0405,"Urmi Chakraborty, Dayita Datta and Kasturi, Sucharita Basu",Do You Know? A Course in General Studies and Life Skills; 4,,2023,78p.,Cambridge University Press,,,,345,,,,General Studies,,78,Cambridge University Press,2023,
JR0406,"Urmi Chakraborty, Dayita Datta and Kasturi, Sucharita Basu",Do You Know? A Course in General Studies and Life Skills; 5,,2023,84p.,Cambridge University Press,,,,345,,,,General Studies,,84,Cambridge University Press,2023,
JR0407,"Nileema Shinde and Jigna, K",Mathematics: Primer,,,88p.,Chetana Education,,,,,,,,Mathematics,,88,Chetana Education,,
JR0408,Meera Balachandran,Mathematics; Level A,,2021,84p.,Forever Books,,,,280,,,,Mathematics,,84,Forever Books,2021,
JR0409,Meera Balachandran,Mathematics; Level B,,2021,76p.,Forever Books,,,,280,,,,Mathematics,,76,Forever Books,2021,
JR0410,Meera Balachandran,Numbers,,2023,44p.,Forever Books,,,,195,,,,Mathematics,,44,Viva Education,2023,
JR0411,Sangeeta Gupta,Enviornmental Studies; 2,,2023,120p.,Viva Education,,,,395,,,,Enviornmental Studies,,120,Viva Education,2023,
JR0412,,Mathematics; 3,,2023,182p.,Viva Education,,,,495,,9789393329608,,Mathematics,,182,Viva Education,2023,
JR0413,Sangeeta Gupta,Enviornmental Studies; 2,,2023,120p.,Viva Education,,,,395,,9789393329394,,Enviornmental Studies,,120,Viva Education,2023,
JR0414,Sangeeta Gupta,Enviornmental Studies; 2,,2023,120p.,Viva Education,,,,395,,9789393329394,,Enviornmental Studies,,120,Viva Education,2023,
JR0415,Sangeeta Gupta,Enviornmental Studies; 1,,2023,104p.,Viva Education,,,,375,,9789393329349,,Enviornmental Studies,,104,Viva Education,2023,
JR0416,Zainab H. Razavi and Neha Sharma,Enviornmental Studies; Book 4,,2020,124p.,Viva Education,,,,365,,9789386824981,,Enviornmental Studies,,124,Viva Education,2020,
JR0417,Sangeeta Gupta,Enviornmental Studies; 1,,2023,104p.,Viva Education,,,,375,,9789393329349,,Enviornmental Studies,,104,Viva Education,2023,
JR0418,Seema Awasthi,Be an Explorer: Social Studies; 4,,2021,176p.,Forever Books,,,,429,,9789389798111,,Enviornmental Studies,,176,Forever Books,2021,
JR0419,"Maneesha Sharma, Amita Prasad and Sheela Ramakrishnan",Cosmos: Social Studies for Primary School; 4,,2022,160p.,Oxford University Press,,,,435,,9780190127411,,Enviornmental Studies,,160,Oxford University Press,2022,
JR0420,Rohini Jyot,The World Around Us: Primary Social Studies; 4,,2017,141p.,Cambridge University Press,,,,345,,9781316643211,,Enviornmental Studies,,141,Cambridge University,2017,
JR0421,Vaishali Gupta ,Hello Earth: A Course on Enviornmental Studies; 4,,2022,144p.,Oxford University Press,,,,435,,9789354970436,,Enviornmental Studies,,144,Oxford University Press,2022,
JR0422,Arumita Tarafdar,Social Studies; 4,,2023,122p.,Viva Education,,,,405,,9789393329851,,Enviornmental Studies,,122,Viva Education,2023,
JR0423,,The World Around Us,,2022,224p.,Scholastic,,,,375,,9788184773712,,Enviornmental Studies,,224,Scholastic,2022,
JR0424,Versha Mank.A and Madhu Mehta,"The World Enviornmental Enviornmental Studies
",,2012,152p.,Rachna Sagar,,,,339,,9788181376756,,Enviornmental Studies,,152,Rachna Sagar,2012,
JR0425,Rajeev Gupta and Poonam Raghav,"Mathematics: Workbook,  Swa-adhyayan",,2021,64p.,Forever Books,,,,220,,9789389798197,,Mathematics,,64,Forever Books,2021,
JR0426,,Numbers: Workbook; Upper K G,,2022,112p.,Viva Education,,,,295,,9789389662771,,Mathematics,,112,Viva Education,2022,
JR0427,"Nileema Shinde and Jigna, K",Mathematics: Practice Book; Junior KG,,,64p.,Chetana Education,,,,,,,,Mathematics,,64,Chetana Education,,
JR0428,,Teacher's Handbook; Senior K G,,,88p.,Chetana Education,,,,,,,,Mathematics,,88,Chetana Education,,
JR0429,Meera Balachandran,Mathematics: Swa-adhyayan,,2021,128p.,Forever Books,,,,280,,9789389747799,,Mathematics,,128,Forever Books,2021,
JR0430,,Early Skills: Number; Lower K G,,2023,64p.,Viva Education,,,,250,,9789389662368,,Mathematics,,64,Viva Education,2023,
JR0431,,"Early Skills: Number, Workbook; Lower K G",,2023,80p.,Viva Education,,,,295,,9789389662733,,Mathematics,,80,Viva Education,2023,
JR0432,,"Early Skills: Numbers, Workbook; Nursery",,2023,88p.,Viva Education,,,,295,,9789389662962,,Mathematics,,88,Viva Education,20523,
JR0433,Jigna K and Nileema Shinde,Mathematics: Practice Book; Nursery,,,56p.,Chetana Education,,,,,,,,Mathematics,,56,Chetana Education,,
JR0434,,Early Skills: Number; Nursery,,2020,52p.,Viva Education,,,,225,,9789389662306,,Mathematics,,52,Viva Education,2020,
JR0435,Madhu bahl,Enviornmental studies: The World Around Us; 2,,2024,124p.,Viva Education,,,,415,,9788119894383,5th,Enviornmental Studies,,124,Viva Education,2024,
JR0436,Sangeeta Gupta,Enviornmental Studies; 3,,2023,128p.,Viva Education,,,,485,,9789393329400,4th,Enviornmental Studies,,128,Viva Education,2023,
JR0437,,Essential Social Studies for Practice Assignment; 4,,2020,152p.,Goyal Brothers Prakashan,,,,325,,9789387644717,,Enviornmental Studies,,152,Goyal Brother's Prakashan,2020,
JR0438,Sangeeta Gupta,Enviornmental Studies; 3,,2023,128p.,Viva Education,,,,465,,9789393329400,4th,Enviornmental Studies,,128,Viva Education,2023,
JR0439, Seema Viswakarma,New Encompass Social Studies,,2024,161p.,Madhubun,,,,410,,9789390080939,Revised Ed.,Social Studies,,161,Madhubun,2024,
JR0440,Ed. Shipra Srivastava,Enviornmental Studies: Coursebook 4,,,168p.,Chetana Publication,,,,340,,9788184693201,,Enviornmental Studies,,168,Chetana Education,,
JR0441,Sangeeta Gupta,Enviornmental Studies; 4,,2023,128p.,Viva Education,,,,485,,9789393329417,4th,Enviornmental Studies,,128,Viva Education,2023,
JR0442,Sangeeta Gupta,Enviornmental Studies; 4,,2023,128p.,Viva Education,,,,485,,9789393329417,4th,Enviornmental Studies,,128,Viva Education,2023,
JR0443,Meenakshi Atal and Debahuti Das,Collins: Incredible Science; 4,,,176p.,Collins,,,,474,,,,Science,,176,Harper Collins,,
JR0444,,The World Around Us; EVS Coursebook 3,,2020,164p.,Scholastic,,,,375,,9788184773699,Revised Ed.,Enviornmental Studies,,164,Scholastic,2020,
JR0445,Ed. Sutapa Basu,Vibes: School Studies,,2022,136p.,Proficiency Learning Solution,,,,430,,9789389519273,1st,Social Studies,,136,Proficiency Learning Solution,2022,
JR0446,Sangeeta Gupta,Enviornmental Studies; 4,,2023,128p.,Viva Education,,,,485,,9789393329417,4th,Enviornmental Studies,,128,Viva Education,2023,
JR0447,,The World of Enviornmental Studies: Teacher's Resource Manual,,,16p.,Rachna Sagar,,,,40,,978-93-88632-87-4,,Enviornmental Studies,,16,Rachna Sagar,,
JR0448,Ed. Shipra Srivastava,Enviornmental Studies: Coursebook 4,,,168p.,Chetana Education,,,,315,,9788184693201,,Enviornmental Studies,,168,Chetana Education,,
JR0449,Vijay Laxmi Singh,Enviornmental Connect,,2024,177p.,Proficiency Learning Solution,,,,395,,9789389700930,1st,Enviornmental Studies,,177,Proficiency Learning Solution,2024,
JR0450,Archana Shukla,The Science Tree,,2024,190p.,Proficiency Learning Solution,,,,450,,9789389700671,1st,Science,,190,Proficiency Learning Solution,2024,
JR0451,Sangeeta Gupta,Social Studies; 4,,2022,120p.,Viva Education,,,,345,,9789389401752,,Social Studies,,120,Viva Education,2022,
JR0452,Madhusmita Acharya,Social Studies; 4,,2024,184p.,Rachna Sagar,,,,479,,9789358442519,1st,Social Studies,,184,Rachna Sagar,2024,
JR0453,"Cotton, Tony",Maths: Practice Book; 1,,2021,152,Oxford University Press,,,,,,9781382006729,2 nd,Mathematics,,,,,
JR0454,"Cotton, Tony",Maths: Student Book; 1,,2021,191,Oxford University Press,,,,,,9781382006668,2 nd,Mathematics,,,,,
JR0455,"Cotton, Tony",Maths: Practice Book; 2,,2021,151,Oxford University Press,,,,,,9781382006736,2 nd,Mathematics,,,,,
JR0456,"Cotton, Tony",Maths: Student Book; 2,,2021,190,Oxford University Press,,,,,,9781382006675,2 nd,Mathematics,,,,,
JR0457,"Cotton, Tony",Maths: Practice Book; 3,,2021,152,Oxford University Press,,,,,,9781382006743,2 nd,Mathematics,,,,,
JR0458,"Cotton, Tony",Maths: Practice Book; 4,,2021,152,Oxford University Press,,,,,,9781382006750,2 nd,Mathematics,,,,,
JR0459,"Cotton, Tony",Maths: Student Book; 4,,2021,208,Oxford University Press,,,,,,9781382006699,2 nd,Mathematics,,,,,
JR0460,"Cotton, Tony",Maths: Practice Book; 5,,2021,151,Oxford University Press,,,,,,9781382006767,2 nd,Mathematics,,,,,
JR0461,"Cotton, Tony",Maths: Student Book; 5,,2021,208,Oxford University Press,,,,,,9781382006705,2 nd,Mathematics,,,,,
JR0462,Priyadarshni S Kelkar, Maths Mate; 1,,2019,164,Madhubun,,,,349,,9789352719693,1st,Mathematics,,,,,
JR0463,Priyadarshni S Kelkar,Maths Mate; 4,,2019,240,Madhubun,,,,385,,9789352719723,1st,Mathematics,,,,,
JR0464,Srijith Radhakrishann Nair and Et al.,Maths; Class 1,,2020,186,Tata Class edge,,,,290,,9788193579466,1st,Mathematics,,,,,
JR0465,Srijith Radhakrishann Nair and Et al.,Maths; Class 1,,2020,186,Tata Class edge,,,,290,,9788193579466,1st,Mathematics,,,,,
JR0466,Srijith Radhakrishann Nair and Et al.,Maths: Workbook; Class 1,,2020,100,Tata Class edge,,,,200,,9788193579480,1st,Mathematics,,,,,
JR0467,Srijith Radhakrishann Nair and Et al.,Math: Workbook; Class 1,,2020,100,Tata Class edge,,,,200,,9788193579480,1st,Mathematics,,,,,
JR0468,Srijith Radhakrishann Nair and Et al.,Math: Teacher's Edition; Class 1,,2020,216,Tata Class edge,,,,,,9788193579473,1st,Mathematics,,,,,
JR0469,Richa D. Bhatia,Mathematics Buzz; 1,,2021,155,Rachna Sagar,,,,409,,9789388563352,,Mathematics,,,,,
JR0470,Richa D. Bhatia,Mathematics Buzz; 1,,2021,155,Rachna Sagar,,,,359,,9789388563352,,Mathematics,,,,,
JR0471,Richa D. Bhatia,Mathematics Buzz; 1,,2021,155,Rachna Sagar,,,,409,,9789388563352,,Mathematics,,,,,
JR0472,Richa D. Bhatia,Mathematics Buzz; 1,,2021,155,Rachna Sagar,,,,409,,9789388563352,,Mathematics,,,,,
JR0473,Richa D. Bhatia,Mathematics Buzz; 1,,2021,155,Rachna Sagar,,,,409,,9789388563352,,Mathematics,,,,,
JR0474,Richa D. Bhatia,Mathematics Buzz; 1,,2021,155,Rachna Sagar,,,,409,,9789388563352,,Mathematics,,,,,
JR0475,Richa D. Bhatia,eMathematics Buzz; 1,,2024,155,Rachna Sagar,,,,469,,9789358442380,1st,Mathematics,,,,,
JR0476,Suvira Gulati and Chitra Ramanathan,Mathematics Buzz; 4,,2021,232,Rachna Sagar,,,,429,,9789388563383,,Mathematics,,,,,
JR0477,Suvira Gulati and Chitra Ramanathan,eMathematics Buzz; 4,,2024,232,Rachna Sagar,,,,519,,9789358442618,1st,Mathematics,,,,,
JR0478,Rita Ogra and Geeta V R,eMathematics Buzz; 5,,2024,244,Rachna Sagar,,,,539,,9789358448986,1st,Mathematics,,,,,
JR0479,Sonica Dhawan,Mathematics Buzz; 2,,2021,167,Rachna Sagar,,,,399,,9789358443868,,Mathematics,,,,,
JR0480,Sonica Dhawan,Mathematics Buzz; 2,,2021,167,Rachna Sagar,,,,399,,9789388563369,,Mathematics,,,,,
JR0481,Sonica Dhawan,eMathematics Buzz; 2,,2024,167,Rachna Sagar,,,,479,,9789388563369,1st,Mathematics,,,,,
JR0482,Renu Wadhwa,Mathville: A Complete Graded Course in Mathematics; 1,,,152,Chetana Education,,,,350,,9789395778367,,Mathematics,,,,,
JR0483,Renu Wadhwa,Mathville: A Complete Graded Course in Mathematics; 2,,,192,Chetana Education,,,,410,,9789395778374,,Mathematics,,,,,
JR0484,Renu Wadhwa,Mathville: A Complete Graded Course in Mathematics; 3,,,208,Chetana Education,,,,420,,9789395778404,,Mathematics,,,,,
JR0485,Renu Wadhwa,Mathville: A Complete Graded Course in Mathematics; 4,,,192,Chetana Education,,,,420,,9789395778343,,Mathematics,,,,,
JR0486,Renu Wadhwa,Mathville: A Complete Graded Course in Mathematics; 5,,,232,Chetana Education,,,,430,,9789395778398,,Mathematics,,,,,
JR0487,Hira Prasad and Rajesh Hassija,MathsAce: Prime; 1,,,152,Pearson India Education,,,,390,,9789354496738,,Mathematics,,,,,
JR0488,Hira Prasad and Rajesh Hassija,MathsAce: Prime; 1,,,152,Pearson India Education,,,,390,,9789354496738,,Mathematics,,,,,
JR0489,Hira Prasad and Rajesh Hassija,MathsAce: Prime; 5,,,228,Pearson India Education,,,,480,,9789354497056,,Mathematics,,,,,
JR0490,Hira Prasad and Rajesh Hassija,MathsAce: Prime; 5,,,228,Pearson India Education,,,,480,,9789354497056,,Mathematics,,,,,
JR0491,"Alka Tuli, Rajesh Hassija and Shuborno Chakroborty",MathsAce: Prime; 6,,,238,Pearson India Education,,,,510,,9789354497131,,Mathematics,,,,,
JR0492,"Alka Tuli, Rajesh Hassija and Shuborno Chakroborty",MathsAce: Prime; 7,,,258,Pearson India Education,,,,520,,9789354497216,,Mathematics,,,,,
JR0493,"Alka Tuli, Rajesh Hassija and Shuborno Chakroborty",MathsAce: Prime; 8,,,254,Pearson India Education,,,,530,,9789354497292,,Mathematics,,,,,
JR0494,"Alamelu, K",MathsAhead; 1,,2024,196,Orient Blackswan,,,,492,,9789354425394,,Mathematics,,,,,
JR0495,"Alamelu, K",MathsAhead; 1,,2024,196,Orient Blackswan,,,,492,,9789354425394,,Mathematics,,,,,
JR0496,"Alamelu, K",MathsAhead; 1,,2024,196,Orient Blackswan,,,,492,,9789354425394,,Mathematics,,,,,
JR0497,"Alamelu, K",MathsAhead; 4,,,224,Orient Blackswan,,,,573,,9789354425424,,Mathematics,,,,,
JR0498,,Imagine: Mathematics; Grade 1,,,215,Uolo,,,,,,,,Mathematics,,,,,
JR0499,,Imagine: Mathematics; Grade4,,,277,Uolo,,,,,,,,Mathematics,,,,,
JR0500,,Imagine: Mathematics;  Grade 5,,,284,Uolo,,,,,,,,Mathematics,,,,,
JR0501,,MathsAce: Prime; 4,,,200,Pearson India Education,,,,425,,9789354496974,,Mathematics,,,,,
JR0502,vinoda singh chauhan,Sarthak Hindi Vyakaran; Class 2,,2022,104,New Saraswati House,,,,,,9789353624248,,,,,,,
JR0503,Deepmala and bharati pant,Hindi Vyakaran; 2,,2023,72p.,Viva Education,,,,295,,9789393329486,,,,,,,
,,,,,,,,,,,,,,,,,,,
,,,,,,,,,,,,,,,,,,,
